{
  "title": "In Memoriam",
  "author": "Alice Winn",
  "pages": 300,
  "genres": [
    "fantasy",
    "dystopian"
    ],
  "rating": 6
},
{
  "title": "Someone Else’s Shoes",
  "author": "Jojo Moyes",
  "pages": 432,
  "genres": [
    "fantasy",
    "dystopian"
  ],
  "rating": 9
},
{
  "title": "In Case of Emergency",
  "author": "Poorna Bell",
  "pages": 298,
  "genres": [
    "fantasy",
    "fairy tale"
  ],
  "rating": 9
},
{
  "title": "Moonlight",
  "author": "Guy de Maupassant",
  "pages": 160,
  "genres": [
    "historical fiction",
    "fiction"
  ],
  "rating": 9
},
{
  "title": "The Secrets of Hartwood Hall",
  "author": "Katie Lumsden",
  "pages": 230,
  "genres": [
    "historical fiction",
    "fiction"
  ],
  "rating":7
},
{
  "title": "The Boy, The Mole, The Fox and The Horse",
  "author": "Charlie Mackesy",
  "pages": 128,
  "genres": [
    "fiction"
  ],
  "rating":8
},
{
  "title": "Great Circle",
  "author": "Maggie shipstead",
  "pages": 390,
  "genres": [
    "action",
    "adventure",
    "fiction"
  ],
  "rating":8 
},
{
  "title": "Outlander",
  "author": "Diana Gabaldon",
  "pages": 880,
  "genres": [
    "action",
    "adventure"
  ],
  "rating":6 
},
{
  "title": "The Light Fantastic",
  "author": "Terry Pratchett",
  "pages": 250,
  "genres": [
    "fantasy"
  ],
  "rating":6 
},

{
  "title":"The Color of Magic",
  "author":"Terry",
  "pages":340,
  "rating":8,
  "genres":[
    "fantasy",
    "magic"
    ],
    "reviews":[
    {
      "name":"Lee",
      "body" :"it was ok"  
    },
    {
      "name":"park",
      "body" :"it was good"  
    }    
  ]  
 }
 

